"_URI","_CREATOR_URI_USER","_CREATION_DATE","_LAST_UPDATE_URI_USER","_LAST_UPDATE_DATE","_MODEL_VERSION","_UI_VERSION","_IS_COMPLETE","_SUBMISSION_DATE","_MARKED_AS_COMPLETE_DATE","RVHC_SECTION6_RVHC_HYGNIC_TOILET_OF_SCHOOL_CATEGORY__BRAC","RVHC_TOTAL_MALE_STUDENT","RVHC_TOTAL_MALE_TEACHER","RVHC_SECTION1_RVHC_INDVIDUAL_NO_OF_TOILET_FOR_FEMALE_THER","RVHC_SCHOOL_LOCATION_ALT","RVHC_TOTAL_FEMALE_STUDENT","RVHC_SCHOOL_LOCATION_ACC","RVHC_SCHOOL_LOCATION_LNG","RVHC_SECTION9_RVHC_HYGNIC_TOILET_OF_SCHOOL_CATEGORY_MLE_B","RVHC_SECTION12_RVHC_HYGNIC_TOILET_OF_SCHOOL_CATEGORY_MAL_E","RVHC_SECTION8_RVHC_HYGNIC_TOILET_OF_SCHOOL_CATEGORY_MAL_A","RVHC_HEALTH_RULES_SCHOOL_MONTHLY","RVHC_SECTION11_RVHC_HYGNIC_TOILET_OF_SCHOOL_CATEGORY_MLE_D","RVHC_SCHOOL_BARCODE","RVHC_SECTION5_RVHC_HYGNC_TOILET_OF_SCHOOL_CATEGOR_D_THER","RVHC_SECTION1_RVHC_INDVDAL_NO_OF_TOILET_FOR_FEML_BRCWASH","RVHC_WATER_SOURCE_OF_SCHOOL","RVHC_TOTAL_FEMALE_TEACHER","META_INSTANCE_ID","RVHC_STUDENT_BRIGRED","RVHC_WORK_ACTIVITY_SCHOOL_WASH_COMMITEE","RVHC_SECTION4_RVHC_HYGNIC_TOILET_OF_SCHOOL_CATEGOR_C_BRAC","RVHC_SECTION10_RVHC_HYGNIC_TOILET_OF_SCHOOL_CATEGORY_MLE_C","RVHC_SECTION3_RVHC_HYGNC_TOILET_OF_SCHOOL_CATEGOR_B_THER","RVHC_SECTION5_RVHC_HYGNIC_TOILET_OF_SCHOOL_CATEGOR_D_BRAC","RVHC_SCHOOL_LOCATION_LAT","RVHC_SECTION2_RVHC_HYGNIC_TOILET_OF_SCHOOL_CATEGORY__BRAC","RVHC_SECTION2_RVHC_HYGNC_TOILET_OF_SCHOOL_CATEGORY__THER","RVHC_WATER_SOURCE_OF_SCHOOL_OTHER","RVHC_SECTION6_RVHC_HYGNC_TOILET_OF_SCHOOL_CATEGORY__THER","RVHC_SECTION1_RVHC_INDIVIDUAL_NO_OF_TOILET_FOR_MALE_OTHER","RVHC_SECTION3_RVHC_HYGNIC_TOILET_OF_SCHOOL_CATEGOR_B_BRAC","RVHC_SECTION4_RVHC_HYGNC_TOILET_OF_SCHOOL_CATEGOR_C_THER"
"uuid:b72e5f75-47ee-4551-951c-f3bccee2cecc","uid:shahjahan|2013-12-18T22:34:46.954+0000","2014-01-07 09:24:23","","2014-01-07 09:24:23",,,"1","2014-01-07 09:24:23","2014-01-07 09:24:23",0,0,11,3,0.0000000000,615,3307.0000000000,90.3398208000,0,0,0,"C",0,"11049079",0,2,"E",6,"uuid:b72e5f75-47ee-4551-951c-f3bccee2cecc","D","E",0,0,0,0,22.5356852000,2,3,"",0,0,0,0
"uuid:ee1987b9-dd93-4fc7-9ee5-fefca9a3f1ca","uid:rofiqul|2013-12-18T23:09:03.885+0000","2014-01-08 07:15:18","","2014-01-08 07:15:18",,,"1","2014-01-08 07:15:18","2014-01-08 07:15:18",0,221,9,1,0.0000000000,259,3247.0000000000,88.6047712000,0,0,2,"A",0,"11042150",0,2,"E",2,"uuid:ee1987b9-dd93-4fc7-9ee5-fefca9a3f1ca","D","A",0,0,0,0,25.0251910000,2,0,"",0,2,0,1
"uuid:c7c45489-b7d1-4a48-95fc-be750c41a002","uid:jahurul|2013-12-18T22:34:46.944+0000","2014-01-08 09:12:42","","2014-01-08 09:12:42",,,"1","2014-01-08 09:12:42","2014-01-08 09:12:42",0,90,7,0,-12.0000000000,145,10.0000000000,89.8983272296,0,0,0,"A",0,"11071113",0,2,"D",3,"uuid:c7c45489-b7d1-4a48-95fc-be750c41a002","D","D",0,0,0,0,24.6343259916,2,0,"",0,0,0,0
"uuid:12c0e7c0-9061-48a6-8562-49383f89cebe","uid:jahurul|2013-12-18T22:34:46.944+0000","2014-01-08 10:06:15","","2014-01-08 10:06:15",,,"1","2014-01-08 10:06:15","2014-01-08 10:06:15",0,225,12,0,0.0000000000,176,2354.0000000000,89.9580441000,0,0,0,"E",0,"11071114",0,2,"D",3,"uuid:12c0e7c0-9061-48a6-8562-49383f89cebe","D","E",0,1,0,0,24.6728652000,2,0,"",0,1,0,0
"uuid:3314d22a-d32f-4e83-b17f-422733b7139d","uid:jahurul|2013-12-18T22:34:46.944+0000","2014-01-08 10:12:40","","2014-01-08 10:12:40",,,"1","2014-01-08 10:12:40","2014-01-08 10:12:40",0,140,11,0,0.0000000000,170,2354.0000000000,89.9580441000,0,0,0,"E",0,"11071116",0,2,"D",1,"uuid:3314d22a-d32f-4e83-b17f-422733b7139d","E","D",0,0,0,0,24.6728652000,2,0,"",0,0,0,0
"uuid:5f56763a-22eb-474d-b7ce-1498792f6015","uid:maynul|2013-12-18T23:08:36.910+0000","2014-01-08 11:51:18","","2014-01-08 11:51:18",,,"1","2014-01-08 11:51:18","2014-01-08 11:51:18",0,0,8,0,-6.0000000000,370,10.0000000000,88.3864472245,0,0,0,"A",0,"11034031",0,2,"D",3,"uuid:5f56763a-22eb-474d-b7ce-1498792f6015","D","D",0,0,0,0,24.8900149321,2,0,"",0,0,0,0
"uuid:0ef116b2-0ced-428e-a405-090efe463736","uid:maynul|2013-12-18T23:08:36.910+0000","2014-01-08 15:30:34","","2014-01-08 15:30:34",,,"1","2014-01-08 15:30:34","2014-01-08 15:30:34",0,150,10,0,0.0000000000,240,3712.0000000000,88.3023908000,0,0,0,"C",0,"11034034",0,2,"D",2,"uuid:0ef116b2-0ced-428e-a405-090efe463736","D","D",0,2,0,0,24.8153820000,2,0,"",0,2,0,0
"uuid:878e6612-29d1-4838-9119-c00bdf84b90c","uid:jahurul|2013-12-18T22:34:46.944+0000","2014-01-09 05:39:59","","2014-01-09 05:39:59",,,"1","2014-01-09 05:39:59","2014-01-09 05:39:59",0,105,6,0,0.0000000000,93,2480.0000000000,89.9358546000,0,0,0,"A",0,"11071112",0,2,"D",4,"uuid:878e6612-29d1-4838-9119-c00bdf84b90c","D","D",2,1,0,0,24.7452702000,0,0,"",0,1,0,0
"uuid:fd342ead-44d9-4cdc-92bf-ba266d5f48ff","uid:amit|2013-12-18T22:39:30.462+0000","2014-01-09 06:12:11","","2014-01-09 06:12:11",,,"1","2014-01-09 06:12:11","2014-01-09 06:12:11",0,357,12,0,0.0000000000,520,3097.0000000000,89.2929250000,0,0,1,"C",0,"11024218",0,2,"D",3,"uuid:fd342ead-44d9-4cdc-92bf-ba266d5f48ff","B","C",0,0,0,0,25.4781129000,2,0,"",0,1,0,0
"uuid:a665a2b4-3ef7-4133-937a-3eecb6c9d500","uid:jahurul|2013-12-18T22:34:46.944+0000","2014-01-09 06:42:32","","2014-01-09 06:42:32",,,"1","2014-01-09 06:42:32","2014-01-09 06:42:32",0,220,10,0,0.0000000000,230,3228.0000000000,89.9384513000,0,0,0,"E",0,"11071115",0,2,"D",1,"uuid:a665a2b4-3ef7-4133-937a-3eecb6c9d500","D","E",2,2,0,0,24.7007533000,0,0,"",0,2,0,0
"uuid:38434cd1-87a7-49e1-afd8-8f55633e94cd","uid:shahidul|2013-12-18T22:36:02.691+0000","2014-01-09 08:54:49","","2014-01-09 08:54:49",,,"1","2014-01-09 08:54:49","2014-01-09 08:54:49",0,387,14,4,0.0000000000,436,3385.0000000000,90.2592925000,0,2,0,"A",0,"11051090",0,2,"E",4,"uuid:38434cd1-87a7-49e1-afd8-8f55633e94cd","D","E",0,0,0,0,22.9651998000,2,0,"",2,2,0,2
"uuid:5bf527fc-70c0-4a81-8c35-f95f7543050b","uid:milon|2014-01-08T21:33:22.367+0000","2014-01-09 09:29:23","","2014-01-09 09:29:23",,,"1","2014-01-09 09:29:23","2014-01-09 09:29:23",0,0,6,2,0.0000000000,320,3712.0000000000,88.3023908000,0,0,0,"A",0,"11034030",0,2,"D",5,"uuid:5bf527fc-70c0-4a81-8c35-f95f7543050b","D","D",0,0,0,0,24.8153820000,2,2,"",0,0,0,0
"uuid:5c6a8474-7cb1-4787-becf-3fd1d9ecaa7f","uid:milon|2014-01-08T21:33:22.367+0000","2014-01-09 09:29:36","","2014-01-09 09:29:36",,,"1","2014-01-09 09:29:36","2014-01-09 09:29:36",0,0,9,2,0.0000000000,300,3712.0000000000,88.3023908000,0,0,0,"A",0,"11034027",0,2,"D",3,"uuid:5c6a8474-7cb1-4787-becf-3fd1d9ecaa7f","D","D",0,0,0,0,24.8153820000,2,2,"",0,0,0,0
"uuid:8ce0caad-8b61-4934-aaf6-dc700518e31b","uid:maynul|2013-12-18T23:08:36.910+0000","2014-01-09 09:47:50","","2014-01-09 09:47:50",,,"1","2014-01-09 09:47:50","2014-01-09 09:47:50",2,232,8,2,0.0000000000,203,3712.0000000000,88.3023908000,0,0,0,"C",0,"11034033",0,2,"D",4,"uuid:8ce0caad-8b61-4934-aaf6-dc700518e31b","D","D",0,2,0,0,24.8153820000,0,0,"",0,2,0,2
"uuid:3c831dbf-84f6-481a-a37c-1f23172c1f9c","uid:maynul|2013-12-18T23:08:36.910+0000","2014-01-09 09:48:13","","2014-01-09 09:48:13",,,"1","2014-01-09 09:48:13","2014-01-09 09:48:13",0,0,15,3,0.0000000000,782,3712.0000000000,88.3023908000,0,0,0,"C",0,"11034032",0,2,"D",6,"uuid:3c831dbf-84f6-481a-a37c-1f23172c1f9c","D","D",0,0,0,0,24.8153820000,2,3,"",0,0,0,0
"uuid:7e53e0f1-a9a3-4054-af56-2452f0b5499c","uid:maynul|2013-12-18T23:08:36.910+0000","2014-01-12 04:18:04","","2014-01-12 04:18:04",,,"1","2014-01-12 04:18:04","2014-01-12 04:18:04",0,587,13,1,0.0000000000,238,2137.0000000000,88.2708471000,0,0,2,"C",0,"11034029",0,2,"D",5,"uuid:7e53e0f1-a9a3-4054-af56-2452f0b5499c","D","D",0,2,0,0,24.7743590000,2,0,"",0,4,0,1
"uuid:96dcfc6c-deb6-471b-91f2-cf6a8af9ee59","uid:maynul|2013-12-18T23:08:36.910+0000","2014-01-12 04:18:14","","2014-01-12 04:18:14",,,"1","2014-01-12 04:18:14","2014-01-12 04:18:14",0,0,8,2,-26.0000000000,450,30.0000000000,88.2765796586,0,0,0,"B",0,"11034026",0,2,"D",5,"uuid:96dcfc6c-deb6-471b-91f2-cf6a8af9ee59","D","D",0,0,0,0,24.7756711534,2,0,"",0,0,0,2
"uuid:b4ad049a-4bfb-4946-bf39-a6d52a8b4d89","uid:milon|2014-01-08T21:33:22.367+0000","2014-01-12 04:20:24","","2014-01-12 04:20:24",,,"1","2014-01-12 04:20:24","2014-01-12 04:20:24",0,465,10,0,0.0000000000,180,2146.0000000000,88.3192962000,0,0,0,"A",0,"11034028",0,2,"D",3,"uuid:b4ad049a-4bfb-4946-bf39-a6d52a8b4d89","D","D",0,2,0,0,24.8222998000,2,0,"",0,2,0,0
"uuid:ff51a02b-202d-4701-bf63-73a2648ce125","uid:rofiqul|2013-12-18T23:09:03.885+0000","2014-01-12 07:38:19","","2014-01-12 07:38:19",,,"1","2014-01-12 07:38:19","2014-01-12 07:38:19",0,72,8,0,0.0000000000,109,3814.0000000000,88.4769783000,1,0,0,"A",0,"11042154",0,2,"D",1,"uuid:ff51a02b-202d-4701-bf63-73a2648ce125","B","B",0,0,0,0,24.9513964000,2,0,"",0,1,0,0
"uuid:d4509490-245b-4fd1-acc3-302b0e7ae558","uid:rofiqul|2013-12-18T23:09:03.885+0000","2014-01-12 07:38:21","","2014-01-12 07:38:21",,,"1","2014-01-12 07:38:21","2014-01-12 07:38:21",0,0,11,2,0.0000000000,150,3065.0000000000,88.5838105000,0,0,0,"A",0,"11042152",0,2,"D",1,"uuid:d4509490-245b-4fd1-acc3-302b0e7ae558","B","A",0,0,0,0,25.0221756000,2,0,"",0,0,0,2
"uuid:f3c189ca-4f04-4ddd-92ad-cbd04e133144","uid:rofiqul|2013-12-18T23:09:03.885+0000","2014-01-12 07:38:37","","2014-01-12 07:38:37",,,"1","2014-01-12 07:38:37","2014-01-12 07:38:37",0,308,12,0,196.7000000000,113,0.0000000000,88.4543033333,0,0,0,"A",0,"11042153",0,2,"D",1,"uuid:f3c189ca-4f04-4ddd-92ad-cbd04e133144","B","B",0,2,0,0,25.0249566667,2,0,"",0,2,0,0
"uuid:e876f0e5-109d-4855-add3-fa93454feca3","uid:rofiqul|2013-12-18T23:09:03.885+0000","2014-01-12 07:38:40","","2014-01-12 07:38:40",,,"1","2014-01-12 07:38:40","2014-01-12 07:38:40",0,113,9,0,0.0000000000,140,3345.0000000000,88.5560529000,0,0,0,"A",0,"11042151",0,2,"F",2,"uuid:e876f0e5-109d-4855-add3-fa93454feca3","B","B",0,1,0,0,25.0187691000,2,0,"Ring well",0,1,0,0
"uuid:22de9ccc-5029-461a-a1e7-ff82a2d5660a","uid:aman|2013-12-18T22:35:50.552+0000","2014-01-13 07:36:30","","2014-01-13 07:36:30",,,"1","2014-01-13 07:36:30","2014-01-13 07:36:30",,0,7,6,0.0000000000,1000,2640.0000000000,91.4010553000,,,,"C",,"11014237",,2,"E",10,"uuid:22de9ccc-5029-461a-a1e7-ff82a2d5660a","E","E",1,,2,,22.8469414000,,,"",,0,1,4
"uuid:dd0c1595-4535-42dd-a3da-930ffed1efca","uid:aman|2013-12-18T22:35:50.552+0000","2014-01-13 07:43:24","","2014-01-13 07:43:24",,,"1","2014-01-13 07:43:24","2014-01-13 07:43:24",2,450,13,3,0.0000000000,205,3159.0000000000,91.3824118000,,,,"E",,"11014235",,2,"E",1,"uuid:dd0c1595-4535-42dd-a3da-930ffed1efca","E","E",,3,2,,22.8445693000,,,"",1,3,,
"uuid:a864e79b-a5f8-47fe-8b36-2fb10130dd2c","uid:enamul|2013-12-18T23:11:29.051+0000","2014-01-13 09:59:16","","2014-01-13 09:59:16",,,"1","2014-01-13 09:59:16","2014-01-13 09:59:16",0,180,8,1,0.0000000000,170,3814.0000000000,89.4039592000,0,0,0,"D",1,"11023213",0,2,"D",2,"uuid:a864e79b-a5f8-47fe-8b36-2fb10130dd2c","E","E",0,0,0,0,25.5195516000,2,0,"",0,1,0,1
"uuid:b59a2771-6d45-41a0-b96f-e6ac22ac8789","uid:enamul|2013-12-18T23:11:29.051+0000","2014-01-13 10:00:53","","2014-01-13 10:00:53",,,"1","2014-01-13 10:00:53","2014-01-13 10:00:53",0,181,9,0,0.0000000000,69,4614.0000000000,89.2927270000,0,0,0,"C",0,"11023212",0,2,"D",4,"uuid:b59a2771-6d45-41a0-b96f-e6ac22ac8789","C","D",,1,0,0,25.5293423000,2,0,"",0,1,,0
"uuid:dc083dc6-36fb-4e57-b36b-024112b602fc","uid:abdul|2013-12-18T22:37:55.764+0000","2014-01-13 10:11:42","","2014-01-13 10:11:42",,,"1","2014-01-13 10:11:42","2014-01-13 10:11:42",0,0,7,2,-47.0000000000,375,70.0000000000,88.8591062963,0,0,0,"B",0,"11033039",0,2,"E",9,"uuid:dc083dc6-36fb-4e57-b36b-024112b602fc","B","C",0,0,0,2,24.2859652471,0,0,"",0,0,0,2
"uuid:bf9b9b55-e47b-40ff-b134-663a673a593b","uid:abdul|2013-12-18T22:37:55.764+0000","2014-01-13 10:15:17","","2014-01-13 10:15:17",,,"1","2014-01-13 10:15:17","2014-01-13 10:15:17",0,100,10,0,-7.0000000000,110,10.0000000000,88.8206598541,0,0,0,"D",0,"11033038",0,2,"D",1,"uuid:bf9b9b55-e47b-40ff-b134-663a673a593b","B","C",0,1,0,0,24.2041490257,0,0,"",0,1,2,0
"uuid:95dba492-210f-468c-a8b6-a23c6d1e7650","anonymousUser","2014-01-14 04:56:55","","2014-01-14 04:56:55",,,"1","2014-01-14 04:56:55","2014-01-14 04:56:55",,850,8,,0.0000000000,800,2959.0000000000,91.9589321000,,,,"C",,"11012187",,2,"D",3,"uuid:95dba492-210f-468c-a8b6-a23c6d1e7650","C","C",,2,,,21.9405329000,2,,"",,2,,
"uuid:12f972ab-c5c4-4821-b07b-a2a2a8efa063","anonymousUser","2014-01-15 05:21:44","","2014-01-15 05:21:44",,,"1","2014-01-15 05:21:44","2014-01-15 05:21:44",0,415,10,0,0.0000000000,460,2422.0000000000,89.2732360000,0,0,0,"C",0,"11023215",0,2,"D",5,"uuid:12f972ab-c5c4-4821-b07b-a2a2a8efa063","D","E",1,1,0,0,25.6637971000,0,0,"",0,1,0,0
"uuid:32eaf4c5-35e3-4015-8ac0-c62ede072719","anonymousUser","2014-01-15 05:54:35","","2014-01-15 05:54:35",,,"1","2014-01-15 05:54:35","2014-01-15 05:54:35",0,123,10,0,0.0000000000,128,3949.0000000000,88.4941880000,0,0,0,"A",0,"11042155",0,2,"D",4,"uuid:32eaf4c5-35e3-4015-8ac0-c62ede072719","B","A",1,1,0,0,24.9922470000,1,0,"",0,1,0,0
"uuid:e0f3c895-1ae5-4af9-99c6-4cfec7dd03b2","uid:harun|2013-12-18T22:34:56.020+0000","2014-01-15 09:35:01","","2014-01-15 09:35:01",,,"1","2014-01-15 09:35:01","2014-01-15 09:35:01",2,273,13,2,0.0000000000,372,4307.0000000000,89.8907921000,0,0,0,"E",1,"11019119",0,2,"B",5,"uuid:e0f3c895-1ae5-4af9-99c6-4cfec7dd03b2","D","E",0,0,0,0,24.7702639000,0,0,"",1,1,0,1
"uuid:05b2ad96-dc78-43dc-a6ef-59745e302f21","uid:motilal|2013-12-18T22:35:04.423+0000","2014-01-15 09:58:53","","2014-01-15 09:58:53",,,"1","2014-01-15 09:58:53","2014-01-15 09:58:53",,535,14,2,0.0000000000,550,2460.0000000000,91.6616284000,,1,,"E",0,"11011192",,2,"E",7,"uuid:05b2ad96-dc78-43dc-a6ef-59745e302f21","D","E",0,1,0,,22.6124378000,2,0,"",,2,0,2
"uuid:39561f1e-e15c-4b48-8a7f-ba92aa6015f2","uid:kamrul|2013-12-18T22:35:37.668+0000","2014-01-15 10:03:02","","2014-01-15 10:03:02",,,"1","2014-01-15 10:03:02","2014-01-15 10:03:02",,389,17,1,0.0000000000,447,2548.0000000000,92.0763746000,,,,"C",,"11013185",,2,"C",12,"uuid:39561f1e-e15c-4b48-8a7f-ba92aa6015f2","D","E",2,2,,,21.6647835000,,,"",,2,,1
"uuid:6fd7f273-9591-4f2c-a2fc-3a5441cf3802","uid:kamrul|2013-12-18T22:35:37.668+0000","2014-01-15 10:04:17","","2014-01-15 10:04:17",,,"1","2014-01-15 10:04:17","2014-01-15 10:04:17",,846,17,2,0.0000000000,663,3288.0000000000,92.0657068000,,,,"C",,"11013184",,2,"E",5,"uuid:6fd7f273-9591-4f2c-a2fc-3a5441cf3802","D","E",2,4,,,21.7484201000,,,"",,4,,2
"uuid:f379a076-2304-43d8-bebf-3fb21f636798","uid:kamrul|2013-12-18T22:35:37.668+0000","2014-01-15 10:04:25","","2014-01-15 10:04:25",,,"1","2014-01-15 10:04:25","2014-01-15 10:04:25",,325,12,,0.0000000000,420,4919.0000000000,92.0588059000,,,,"C",,"11013183",,2,"D",1,"uuid:f379a076-2304-43d8-bebf-3fb21f636798","D","E",,2,,,21.7887707000,2,,"",,2,,
"uuid:0a238b36-7f1b-4f4d-8381-ed8181265c7c","uid:motilal|2013-12-18T22:35:04.423+0000","2014-01-15 10:06:33","","2014-01-15 10:06:33",,,"1","2014-01-15 10:06:33","2014-01-15 10:06:33",0,548,13,2,0.0000000000,716,2460.0000000000,91.6616284000,0,0,0,"E",0,"11011190",0,2,"D",4,"uuid:0a238b36-7f1b-4f4d-8381-ed8181265c7c","D","E",0,2,0,0,22.6124378000,2,0,"",0,2,0,2
"uuid:cc0ca851-b6b2-4b00-9053-77fc735d8959","uid:aman|2013-12-18T22:35:50.552+0000","2014-01-15 10:13:06","","2014-01-15 10:13:06",,,"1","2014-01-15 10:13:06","2014-01-15 10:13:06",,0,6,0,0.0000000000,217,3847.0000000000,91.4381440000,,,,"C",,"11014236",,2,"E",3,"uuid:cc0ca851-b6b2-4b00-9053-77fc735d8959","B","B",,,,,22.9402856000,2,,"",,0,,
"uuid:44620ade-21f4-4b5f-bf7d-6005a304b98f","uid:motilal|2013-12-18T22:35:04.423+0000","2014-01-15 10:13:07","","2014-01-15 10:13:07",,,"1","2014-01-15 10:13:07","2014-01-15 10:13:07",0,289,12,1,0.0000000000,351,2460.0000000000,91.6616284000,0,0,0,"E",0,"11011191",0,2,"A",5,"uuid:44620ade-21f4-4b5f-bf7d-6005a304b98f","D","E",0,1,0,0,22.6124378000,2,0,"",0,1,0,1
"uuid:cc7dd198-5466-4465-8990-c323412c1c71","uid:aman|2013-12-18T22:35:50.552+0000","2014-01-15 10:16:44","","2014-01-15 10:16:44",,,"1","2014-01-15 10:16:44","2014-01-15 10:16:44",,285,11,1,0.0000000000,570,4080.0000000000,91.4099499000,1,,,"C",,"11014234",,2,"E",2,"uuid:cc7dd198-5466-4465-8990-c323412c1c71","E","E",,2,1,,22.8624550000,2,,"",,3,,
"uuid:26530058-4f83-4527-862c-27ce9e3972fc","uid:motilal|2013-12-18T22:35:04.423+0000","2014-01-15 10:20:45","","2014-01-15 10:20:45",,,"1","2014-01-15 10:20:45","2014-01-15 10:20:45",0,580,14,3,0.0000000000,639,2460.0000000000,91.6616284000,0,0,0,"E",0,"11011189",0,2,"D",3,"uuid:26530058-4f83-4527-862c-27ce9e3972fc","D","E",0,2,0,0,22.6124378000,2,0,"",0,2,0,3
"uuid:16f07c6b-616d-4a75-89ed-8fe231c22cf1","uid:motilal|2013-12-18T22:35:04.423+0000","2014-01-15 10:27:12","","2014-01-15 10:27:12",,,"1","2014-01-15 10:27:12","2014-01-15 10:27:12",0,242,7,0,0.0000000000,300,2460.0000000000,91.6616284000,0,0,0,"E",0,"11011193",0,2,"D",4,"uuid:16f07c6b-616d-4a75-89ed-8fe231c22cf1","D","E",0,2,0,0,22.6124378000,2,0,"",0,2,0,0
